-- Seed: organisationsträd
INSERT INTO org_units (id, name, type, parent_id) VALUES
  (1,  '11. Bataljon',   'bataljon', NULL),
  (9,  'Bataljonsstab',  'stab',     1),
  (2,  '111. Kompani',   'kompani',  1),
  (10, '1. Kompanistab', 'stab',     2),
  (3,  '113. Kompani',   'kompani',  1),
  (11, '2. Kompanistab', 'stab',     3),
  (4,  '1. Pluton',      'pluton',   2),
  (5,  '2. Pluton',      'pluton',   2),
  (6,  '1. Grupp',       'grupp',    4),
  (7,  '2. Grupp',       'grupp',    4),
  (8,  '3. Grupp',       'grupp',    5)
ON CONFLICT DO NOTHING;

SELECT setval('org_units_id_seq', 20);

-- Seed: testanvändare
-- BatCh, S4 → Bataljonsstab; KomPC → Kompani; KVM → Kompanistab
INSERT INTO users (id, personal_number, name, role, org_unit_id, email, mobile, profile_complete) VALUES
  (1, '199001010001', 'Erik Andersson',  'soldat', 6,  'erik@test.se',  '070-1111111', TRUE),
  (2, '199001010002', 'Sara Nilsson',    'grpc',   6,  'sara@test.se',  '070-2222222', TRUE),
  (3, '199001010003', 'Johan Lindqvist', 'pc',     4,  'johan@test.se', '070-3333333', TRUE),
  (4, '199001010004', 'Anna Bergström',  'kompc',  2,  'anna@test.se',  '070-4444444', TRUE),
  (5, '199001010005', 'Lars Eriksson',   'kvm',    10, 'lars@test.se',  '070-5555555', TRUE),
  (6, '199001010006', 'Maria Karlsson',  's4',     9,  'maria@test.se', '070-6666666', TRUE),
  (7, '199001010007', 'Peter Svensson',  'batCh',  1,  'peter@test.se', '070-7777777', TRUE)
ON CONFLICT DO NOTHING;

SELECT setval('users_id_seq', 20);

-- Seed: exempelutrustning för Erik (soldat, id=1)
INSERT INTO equipment (user_id, article_number, name, category, quantity, status) VALUES
  (1, 'M90-01', 'Fältuniform M90', 'Klädsel', 2, 'ok'),
  (1, 'SK-42',  'Stridsvärja',     'Utrustning', 1, 'ok'),
  (1, 'HV-11',  'Hjälm med hållare', 'Skydd', 1, 'förlustanmäld'),
  (1, 'RY-02',  'Ryggsäck 35L',    'Utrustning', 1, 'byte_pågår'),
  (1, 'KN-99',  'Kniv m/1990',     'Verktyg', 1, 'ok'),
  (1, 'SV-55',  'Sovsäck',         'Bivack', 1, 'ej_mottagen')
ON CONFLICT DO NOTHING;

-- Seed: exempelaktiviteter
INSERT INTO activities (id, title, description, type, start_time, end_time, created_by, org_unit_id) VALUES
  (1, 'Plutonsmöte',      'Veckomöte med genomgång av kommande aktiviteter', 'möte',
   NOW() + INTERVAL '1 day',  NOW() + INTERVAL '1 day'  + INTERVAL '1 hour',  3, 4),
  (2, 'Skjututbildning',  'Grundläggande skjututbildning för 1. Pluton',     'utbildning',
   NOW() + INTERVAL '7 days', NOW() + INTERVAL '7 days' + INTERVAL '8 hours', 3, 4),
  (3, 'Fältövning GREN',  'Tvådagarsövning i terräng, samlingsplats förrådet', 'övning',
   NOW() + INTERVAL '21 days', NOW() + INTERVAL '23 days', 4, 2)
ON CONFLICT DO NOTHING;

SELECT setval('activities_id_seq', 10);

-- Seed: OSA-svar (activity_responses) för plutonmötet och skjututbildningen
-- Användarna 1-3 tillhör pluton/grupp under aktiviteternas org_unit_id=4
INSERT INTO activity_responses (activity_id, user_id, status) VALUES
  (1, 1, 'ja'),
  (1, 2, 'ja'),
  (1, 3, 'ja'),
  (2, 1, 'ja'),
  (2, 2, 'kanske'),
  (2, 3, 'ja')
ON CONFLICT DO NOTHING;

-- Seed: exempelredovisning (km-ersättning, utkast)
INSERT INTO reports (id, user_id, report_type, report_date, km, description, status) VALUES
  (1, 1, 'km_ers', CURRENT_DATE, 25, 'Förrådsbesök', 'draft')
ON CONFLICT DO NOTHING;

SELECT setval('reports_id_seq', (SELECT GREATEST(MAX(id), 1) FROM reports));
